username;created_at;tweet;;;;likes_count;retweets_count;Number of plots;Type of plots;Interactive;Active color;Text;Animation;Engagement;Engagement %
guardianvisuals;20.12.2019;13/ How your flight emits as much CO2 as many people do in a year;https://t.co/uxw7w69dTD;https://t.co/eExjsNCGZP;;4;1;2;Facet Maps;No;1;No;No;0.0001730103806;0.02%
;;;;;;;;;Line Graph;No;2;Yes;No;;
guardianvisuals;21.12.2018;2018 climate disasters: as emissions rise and the planet warms, extreme weather events are getting worse;https://t.co/5AqIBmtBgY;https://t.co/ReZzReynGV;;20;17;7;Map;No;2;Yes;Yes;0.001280276817;0.13%
;;;;;;;;;Facet Line Graphs;No;2;Yes;No;;
;;;;;;;;;Line Graph;No;2;Yes;No;;
;;;;;;;;;Grouped Bubble Chart;No;2;No;No;;
;;;;;;;;;Area Chart;No;2;No;No;;
;;;;;;;;;Art;No;2;Yes;No;;
;;;;;;;;;Bubble timeline;No;2;Yes;No;;
guardianvisuals;25.07.2018;During the 1976 heatwave UK temperatures were further above the average than in most parts of the world, but the heatwave of 2018 is much more widespread, with most of the world hotter than usual;https://t.co/8qdHVVv4YX;https://t.co/Or2pSM4drj;;9;16;1;Map;No;Gradient;No;No;0.0008650519031;0.09%
nytgraphics;21.06.2018;5. And global warming has increased migration too. Read the full story here:;https://t.co/kmyV3oi7Yp;https://t.co/YvFopy32dv;;18;17;10;Map;No;Gradient;Yes;No;0.0001888828926;0.02%
;;;;;;;;;Dumbell plot;No;2;No;No;;
;;;;;;;;;Dumbell plot;No;2;No;No;;
;;;;;;;;;Bar Chart;No;1;No;No;;
;;;;;;;;;Map;No;2;No;No;;
;;;;;;;;;Map;No;2;No;No;;
;;;;;;;;;Line Graph;No;3;No;No;;
;;;;;;;;;Scatter plot;No;2;No;No;;
;;;;;;;;;Line Graph;No;3;No;No;;
;;;;;;;;;Scatter plot;No;2;No;No;;
nytgraphics;24.08.2017;Alaska‚Äôs permafrost is starting to thaw:;https://t.co/IdFZkgtg8l;https://t.co/h8q4ESxu9X;;22;23;1;Map;No;2;Yes;Yes;0.0002428494334;0.02%
nytgraphics;02.11.2016;Farmers‚Äô Unchecked Crop Burning Fuels India‚Äôs Air Pollution;https://t.co/NQSeDiv48A;https://t.co/zMHPgG2Tcp;;5;3;1;Map;No;Multi;No;No;0.0000431732326;0.00%
nytgraphics;24.05.2017;Glacier National Park is on track to melt away within a generation;https://t.co/6W9rPEmNIu;https://t.co/xiOYWN0P0F;;56;71;2;Map;No;2;No;Yes;0.0006853750675;0.07%
;;;;;;;;;Facet Maps;No;2;No;No;;
nytgraphics;13.02.2019;How to cut U.S. emissions faster? Do what these countries are doing.;https://t.co/ULZXapCufU;;;45;27;1;Fan Chart;No;4;Yes;Yes;0.0003885590934;0.04%
nytgraphics;01.06.2017;Most Americans believe that global warming is happening and carbon emissions should be scaled back:;https://t.co/l6uhSgptWe;https://t.co/dQR7pTxgxN;;159;206;5;Map;No;Gradient;No;No;0.001969778737;0.20%
;;;;;;;;;Facet Maps;No;Gradient;No;No;;
;;;;;;;;;Map;No;Gradient;No;No;;
;;;;;;;;;Map;No;Gradient;No;No;;
;;;;;;;;;Map;No;Gradient;No;No;;
nytgraphics;05.09.2017;Much of the damage from Hurricane Harvey is in areas that were considered to be ‚Äúof minimal flood hazard.‚Äù;https://t.co/8PunjAbahu;;;6;6;1;Map;No;2;No;No;0.00006475984889;0.01%
nytgraphics;01.06.2017;Nearly 200 countries signed the deal in 2015 and set targets to reduce emissions:;https://t.co/XDirqWP3Gn;https://t.co/Jdie5xhRIv;;8;10;1;Fan Chart;No;3;Yes;Yes;0.00009713977334;0.01%
nytgraphics;31.12.2020;Pollution in India. ‚ÄúWe couldn‚Äôt find the perfect product to measure Monu and Aamya‚Äôs exposure to pollutants, so we taped a portable air monitor to a battery-powered Raspberry Pi computer and wrote the software we needed.‚Äù ‚Äî @sjwilliams;https://t.co/aLyz9ByEzY;https://t.co/2vo7p3qcPg;;12;1;4;Line Graph;No;2;No;Yes;0.00007015650297;0.01%
;;;;;;;;;Map;No;2;Yes;No;;
;;;;;;;;;Map;No;Gradient;No;No;;
;;;;;;;;;Map;No;2;Yes;No;;
nytgraphics;28.03.2017;President Trump has rolled back key Obama-era greenhouse gas regulations pushing climate pledge further out of reach;https://t.co/YkB8u9ehro;https://t.co/PwlWwAiOqi;;48;74;5;Fan Chart;No;4;No;No;0.0006583917971;0.07%
;;;;;;;;;Fan Chart;No;4;No;No;;
;;;;;;;;;Fan Chart;No;4;No;No;;
;;;;;;;;;Fan Chart;No;4;No;No;;
;;;;;;;;;Fan Chart;No;4;No;No;;
nytgraphics;04.03.2021;The Gulf Stream is among the mightiest rivers you will never see, carrying far more water than all the world‚Äôs freshwater rivers combined. Some scientists fear global warming is causing Atlantic currents to weaken.;https://t.co/6AN8m0O07F;https://t.co/e0xzH232Ji;;43;23;3;Map;No;Multi;Yes;Yes;0.0003561791689;0.04%
;;;;;;;;;Map;No;Multi;Yes;Yes;;
;;;;;;;;;Art;No;Multi;Yes;Yes;;
nytgraphics;06.11.2017;The world remains far off course from preventing drastic global warming;https://t.co/JijggbfATE;https://t.co/L2Z4CUpRDD;;29;38;5;Complex Chart;Yes;4;Yes;Yes;0.000361575823;0.04%
;;;;;;;;;Area Chart;Yes;4;Yes;Yes;;
;;;;;;;;;Area Chart;Yes;4;Yes;Yes;;
;;;;;;;;;Area Chart;Yes;4;Yes;Yes;;
;;;;;;;;;Area Chart;Yes;4;Yes;Yes;;
nytgraphics;30.12.2021;We explained how global warming could shift the Antarctic current.;https://t.co/4mE55s4MCN;;;11;4;4;Map;No;2;Yes;Yes;0.00008094981112;0.01%
;;;;;;;;;Map;No;2;Yes;Yes;;
;;;;;;;;;Art;No;2;Yes;Yes;;
;;;;;;;;;Map;No;2;Yes;Yes;;
nytgraphics;08.09.2016;Which Atlantic and Gulf Coast cities have been affected most by global warming and rising seas;https://t.co/8Wu8tYjEM4;;;7;12;2;Pareto Chart;No;2;Yes;No;0.0001025364274;0.01%
;;;;;;;;;Map;No;3;No;No;;
postgraphics;26.03.2019;‚ÄúWe are headed for disaster, and nobody seems to be able to slow things down,‚Äù - even as renewable energy expands, many countries are still turning to fossil fuels to satisfy growing energy demands.;https://t.co/l5LDlog7qf;;;6;5;1;Area Chart;No;3;Yes;No;0.0001598837209;0.02%
postgraphics;18.06.2019;A heavy snow season and lingering cool weather have ended California's drought, but it could lead to trouble for the upcoming fire season:;https://t.co/0fl8zuihcm;https://t.co/iodwifacZv;;3;0;1;Map;No;Gradient;Yes;No;0.00004360465116;0.00%
postgraphics;29.08.2017;A look back at the extreme weather of 2016:;https://t.co/1uB6FU3vnw;https://t.co/x4P9VPUNYX;;10;8;3;Map;No;Gradient;Yes;No;0.000261627907;0.03%
;;;;;;;;;Map;No;Gradient;No;No;;
;;;;;;;;;Map;No;3;No;No;;
postgraphics;27.10.2021;An atmospheric river dropped 8 trillion gallons of water on California, making a small dent in the drought and likely putting an end to the fire season. New piece with @CapitalWeather:;https://t.co/KwDiMqXPtk;https://t.co/1kiZcBp88M;;42;11;1;Map;No;Multi;No;Yes;0.0007703488372;0.08%
postgraphics;22.02.2020;As climate change accelerates, the pace of sea-level rise in Boston is expected to triple, adding eight inches over 2000 levels by 2030, according to a report commissioned by the city.;https://t.co/PcZTZw5DN1;https://t.co/ZzvEU7I151;;9;7;1;Facet Maps;No;2;No;No;0.0002325581395;0.02%
postgraphics;20.05.2020;As covid-19 infections surged in March and April, nations worldwide experienced an abrupt reduction in driving, flying and industrial output, leading to a startling decline of more than 1 billion tons of carbon dioxide emissions.;https://t.co/eJ7TLcFMCV;;;12;9;3;Fan Chart;No;3;No;No;0.0003052325581;0.03%
;;;;;;;;;Area Chart;No;Multi;No;No;;
;;;;;;;;;Range Area Chart;No;2;Yes;No;;
postgraphics;24.09.2018;As the Arctic thaws, lakes in Alaska are bubbling and hissing, leaking dangerous greenhouse gases into the atmosphere;https://t.co/HZ3XvXE5fC;https://t.co/I1VHs8dD4B;;18;16;2;Map;No;Gradient;No;No;0.0004941860465;0.05%
;;;;;;;;;Area Chart;No;3;Yes;No;;
postgraphics;19.03.2020;As the climate changes, altering where animals graze and find suitable habitats, migration corridors are more important than ever to their survival.;https://t.co/JWMLrYWD8t;;;2;1;3;Map;No;1;Yes;No;0.00004360465116;0.00%
;;;;;;;;;Map;No;1;Yes;Yes;;
;;;;;;;;;Map;No;4;Yes;Yes;;
postgraphics;02.02.2019;Beetles and drought have imperiled Montana‚Äôs forests so much that they no longer clean the air of carbon dioxide. Instead, they are sending millions of tons back into the atmosphere.;https://t.co/YlA0VuWdQc;https://t.co/UuDQZSzgtS;;24;11;11;Map;No;2;No;No;0.0005087209302;0.05%
;;;;;;;;;Line Graph;No;1;No;No;;
;;;;;;;;;Map;No;2;Yes;No;;
;;;;;;;;;Map;No;2;No;No;;
;;;;;;;;;Map;No;Gradient;No;No;;
;;;;;;;;;Histogram;No;2;No;No;;
;;;;;;;;;Scatter plot;No;2;No;No;;
;;;;;;;;;Map;No;2;No;No;;
;;;;;;;;;Histogram;No;1;No;No;;
;;;;;;;;;Facet Maps;No;Gradient;No;No;;
;;;;;;;;;Histogram;No;1;No;No;;
postgraphics;15.12.2021;Beginning in mid-June, a blanket of unprecedented hot air spread over the typically mild Pacific Northwest, an event scientists say was ‚Äúvirtually impossible‚Äù without climate change. Locations in seven states set all-time heat records.;https://t.co/4RKAosqv75;https://t.co/GvFXWTc5Tr;;0;0;4;Map;No;Gradient;No;No;;
;;;;;;;;;Line Graph;No;Gradient;Yes;Yes;;
;;;;;;;;;Map;No;Gradient;No;No;;
;;;;;;;;;Map;No;Gradient;No;No;;
postgraphics;29.07.2021;Beyond human endurance: How climate change is making parts of the world too hot and humid to survive;https://t.co/9E7pJmeHWf;;;11;9;2;Art;No;Multi;Yes;Yes;0.0002906976744;0.03%
;;;;;;;;;Map;No;Multi;No;No;;
postgraphics;23.11.2021;Climate change fuels a water rights conflict built on over a century of broken promises;https://t.co/ppiLupogqQ;https://t.co/G1bXW6Pnro;;12;3;7;Map;No;Multi;Yes;No;0.0002180232558;0.02%
;;;;;;;;;Line Graph;No;2;No;No;;
;;;;;;;;;Map;No;Multi;No;No;;
;;;;;;;;;Map;No;Multi;Yes;No;;
;;;;;;;;;Map;No;1;No;No;;
;;;;;;;;;Line Graph;No;1;No;No;;
;;;;;;;;;Map;No;3;No;No;;
postgraphics;18.12.2021;Cold, heat, fires, hurricanes and tornadoes: The year in weather disasters;https://t.co/wvjWvvUnBt;;;51;33;9;Map;No;Multi;Yes;Yes;0.001220930233;0.12%
;;;;;;;;;Map;No;Gradient;Yes;Yes;;
;;;;;;;;;Map;No;Gradient;No;No;;
;;;;;;;;;Map;No;Gradient;Yes;Yes;;
;;;;;;;;;Map;No;Gradient;No;No;;
;;;;;;;;;Map;No;Gradient;Yes;Yes;;
;;;;;;;;;Map;No;Gradient;No;Yes;;
;;;;;;;;;Map;No;Gradient;No;Yes;;
;;;;;;;;;Map;No;1;No;No;;
postgraphics;07.03.2020;Coronavirus could halt the world‚Äôs emissions growth. Not that we should feel good about that.;https://t.co/lC8R7wknt7;https://t.co/hSkr8rz2n5;;13;12;2;Area Chart;No;2;Yes;No;0.000363372093;0.04%
;;;;;;;;;Facet Maps;No;Gradient;No;No;;
postgraphics;07.01.2021;Drought is the sleeper weather story you‚Äôll hear more about in 2021;https://t.co/pH0ee73Rw3;;;12;4;4;Map;No;Gradient;No;No;0.0002325581395;0.02%
;;;;;;;;;Map;No;Gradient;No;No;;
;;;;;;;;;Area Chart;No;Multi;No;No;;
;;;;;;;;;Map;No;Gradient;No;No;;
postgraphics;05.06.2020;Earth‚Äôs carbon dioxide levels hit record high, despite coronavirus-related emissions drop;https://t.co/fr98Zhv4hQ;https://t.co/8j8zFKE5LC;;7;7;1;Line Graph;No;3;No;No;0.0002034883721;0.02%
postgraphics;29.05.2020;Empire State of Green New York‚Äôs most famous skyscraper shrank its planet-warming emissions by 40 percent. Can the rest of the city do the same?;https://t.co/JBYcfSFuHR;;;14;5;1;Art;No;Multi;Yes;Yes;0.0002761627907;0.03%
postgraphics;10.07.2019;Extreme weather means Midwest farm country, usually green, looks brown from space;https://t.co/r9v31roPVq;;;21;23;2;Map;No;Gradient;No;No;0.0006395348837;0.06%
;;;;;;;;;Line Graph;No;2;No;No;;
postgraphics;02.11.2019;Facing unbearable heat, Qatar is air-conditioning the outdoors. The rising temperatures signal a larger problem: Climate change.;https://t.co/AgSlamzDLK;;;4;1;3;Map;Yes;Gradient;No;Yes;0.0000726744186;0.01%
;;;;;;;;;Area Chart;No;3;Yes;No;;
;;;;;;;;;Complex Chart;No;3;No;No;;
postgraphics;30.08.2017;Flood levels at some rivers have peaked, and @capitalweather reports the rain is easing in Houston;https://t.co/8VZs7gQrvk;https://t.co/bHJhLIMpKf;;10;8;3;Map;No;Gradient;No;No;0.000261627907;0.03%
;;;;;;;;;Map;No;Gradient;No;No;;
;;;;;;;;;Map;No;Gradient;No;No;;
postgraphics;06.09.2017;Floods could destroy Tampa if a major hurricane hits.;https://t.co/DGPrKFv47n;https://t.co/vDZ5lUiQFU;;3;0;1;Map;No;Gradient;No;No;0.00004360465116;0.00%
postgraphics;05.12.2018;Global carbon emissions are projected to to hit a record high in 2018.;https://t.co/hepJ2dEHkY;https://t.co/TbggW9CJzk;;6;9;1;Area Chart;No;Multi;Yes;No;0.0002180232558;0.02%
postgraphics;02.09.2017;Harvey is the second most costly disaster in U.S. history at $80B. Here's every billion-dollar disaster since 1980;https://t.co/kJlyNspIR1;https://t.co/JgddZxX7Uq;;35;34;15;Stacked bars;Yes;Multi;No;Yes;0.001002906977;0.10%
;;;;;;;;;Bubble Chart;Yes;3;No;Yes;;
;;;;;;;;;Map;No;1;No;No;;
;;;;;;;;;Bubble Chart;Yes;2;No;Yes;;
;;;;;;;;;Map;No;1;No;No;;
;;;;;;;;;Bubble Chart;Yes;2;No;Yes;;
;;;;;;;;;Map;No;1;No;No;;
;;;;;;;;;Bubble Chart;Yes;2;No;Yes;;
;;;;;;;;;Map;No;1;No;No;;
;;;;;;;;;Bubble Chart;Yes;2;No;Yes;;
;;;;;;;;;Map;No;1;No;No;;
;;;;;;;;;Bubble Chart;Yes;2;No;Yes;;
;;;;;;;;;Map;No;1;No;No;;
;;;;;;;;;Bubble Chart;Yes;2;No;Yes;;
;;;;;;;;;Map;No;1;No;No;;
postgraphics;29.08.2017;Here's where Harvey is headed next, and how high flood gauges are this morning;https://t.co/NFlSrRCpVD;https://t.co/kTyQ77AOQx;;74;53;7;Map;No;Gradient;No;No;0.001845930233;0.18%
;;;;;;;;;Facet Maps;No;Gradient;No;No;;
;;;;;;;;;Map;No;4;No;No;;
;;;;;;;;;Map;No;1;No;No;;
;;;;;;;;;Line Graph;No;2;No;No;;
;;;;;;;;;Map;No;2;No;No;;
;;;;;;;;;Map;No;1;No;No;;
postgraphics;03.01.2016;Historically, the most expensive flooding events have occurred in the Midwest. A guide to U.S. natural disasters:;https://t.co/PgUCxLWi1F;;REP A122;;;;;;;;;;
postgraphics;29.08.2017;Houston‚Äôs flood threatens to turn polluted Superfund sites into a toxic gumbo;https://t.co/LVjwO5h6nI;https://t.co/UpaM7nOUHA;;8;8;2;Map;No;Gradient;No;No;0.0002325581395;0.02%
;;;;;;;;;Map;No;2;No;No;;
postgraphics;27.06.2021;How a fire aboard a container ship has caused one of the worst environmental disasters Sri Lanka has ever seen.;https://t.co/DtK7YqTMQj;;;15;3;1;Map;No;1;Yes;No;0.000261627907;0.03%
postgraphics;15.06.2021;How a fire aboard a container ship has caused one of the worst environmental disasters Sri Lanka has ever seen.;https://t.co/IUbJ6OGXjL;;Rep A147;;;;;;;;;;
postgraphics;24.11.2021;How climate change could affect your Thanksgiving table in the future;https://t.co/nhT4KaAx8l;https://t.co/dIK8Rq4eMh;;8;3;1;Art;No;Multi;No;Yes;0.0001598837209;0.02%
postgraphics;21.11.2019;How climate change is triggering a chain reaction that threatens the heart of the Pacific;https://t.co/M0F7wedJ9x;;;0;0;2;Map;Yes;Gradient;No;Yes;;
;;;;;;;;;Complex;No;3;Yes;No;;
postgraphics;29.01.2016;How scientists track the inner workings of global warming;https://t.co/RlVTkNQxWD;https://t.co/2PnKgCT5Bp;;3;2;16;Art;Yes;Multi;No;Yes;0.0000726744186;0.01%
;;;;;;;;;Line Graph;No;3;No;No;;
;;;;;;;;;Fan Chart;No;Multi;Yes;No;;
;;;;;;;;;Line Graph;No;1;No;No;;
;;;;;;;;;Line Graph;No;1;No;No;;
;;;;;;;;;Line Graph;No;1;No;No;;
;;;;;;;;;Line Graph;No;1;No;No;;
;;;;;;;;;Map;No;Multi;No;Yes;;
;;;;;;;;;Map;No;Multi;Yes;No;;
;;;;;;;;;Line Graph;No;1;No;No;;
;;;;;;;;;Line Graph;No;2;No;No;;
;;;;;;;;;Map;No;3;No;No;;
;;;;;;;;;Map;No;3;No;No;;
;;;;;;;;;Line Graph;No;1;No;No;;
;;;;;;;;;Line Graph;No;1;No;No;;
;;;;;;;;;Map;No;2;Yes;No;;
postgraphics;30.08.2017;"Hurricane Harvey caused ‚Äú500-year"" flooding in Houston. What could 500-year floods look like in other cities?";https://t.co/36GWeu5aZ2;;;22;15;11;Facet Maps;No;1;No;No;0.0005377906977;0.05%
;;;;;;;;;Stacked bars;No;3;No;No;;
;;;;;;;;;Area Chart;No;2;Yes;No;;
;;;;;;;;;Map;No;2;No;No;;
;;;;;;;;;Area Chart;No;2;Yes;No;;
;;;;;;;;;Map;No;2;No;No;;
;;;;;;;;;Area Chart;No;2;Yes;No;;
;;;;;;;;;Map;No;2;No;No;;
;;;;;;;;;Map;No;2;No;No;;
;;;;;;;;;Area Chart;No;2;Yes;No;;
;;;;;;;;;Map;No;2;No;No;;
postgraphics;10.01.2017;Hurricane Matthew and floods in Louisiana cost a total of $20 billion. Updated: Billion-dollar disasters since 1980;https://t.co/kJlyNspIR1;https://t.co/1GId2BvV4g;Rep A130;;;;;;;;;;
postgraphics;02.09.2017;Imagery from two Houston neighborhoods shows flooding was beyond the boundaries of even the 500-year flood plain;https://t.co/5SnC9mHW8Y;https://t.co/QpRUQ62x8I;;9;5;3;Map;No;2;No;No;0.0002034883721;0.02%
;;;;;;;;;Map;No;3;No;No;;
;;;;;;;;;Map;No;4;No;No;;
postgraphics;30.08.2019;In Alaska, a summer of extreme weather continues;https://t.co/KsD2Jgjj8K;;;14;8;5;Map;No;Gradient;Yes;No;0.0003197674419;0.03%
;;;;;;;;;Map;No;1;No;No;;
;;;;;;;;;Pareto Chart;No;2;No;No;;
;;;;;;;;;Map;No;Gradient;No;No;;
;;;;;;;;;Complex;No;3;Yes;No;;
postgraphics;22.08.2019;In Alaska, a summer of extreme weather continues;https://t.co/VWdq7dKo9O;;Rep A190;;;;;;;;;;
postgraphics;30.08.2017;In catastrophic floods, areas well beyond the 100-year flood line, or even the 500-year line, can go under water;https://t.co/36GWeu5aZ2;https://t.co/gN9Ie4bKYf;Rep A175;;;;;;;;;;
postgraphics;15.12.2021;In January, amid historic drought, an atmospheric river blasted rain and 100-mph winds through the middle of California in late January, causing mudslides on major highways and debris flowing unchecked through areas recently scarred by wildfires.;https://t.co/1M0MpSWWeU;;;1;0;3;Map;No;Gradient;No;No;0.00001453488372;0.00%
;;;;;;;;;Map;No;1;No;No;;
;;;;;;;;;Map;No;Gradient;No;No;;
postgraphics;30.08.2017;In New Orleans, 100% of the city's population lives in a moderate to high flood risk area, though some are protected by levees;https://t.co/NswrDINAoq;;Rep A175;;;;;;;;;;
postgraphics;30.01.2019;In the 1990s, Montana‚Äôs forests were pulling some 20 million tons of carbon dioxide out of the air each year. But by the 2010s, they had reversed course and were putting a few million tons per year back again.;https://t.co/U4Zd8TXtDB;https://t.co/GfDa1FoWXP;Rep A79;;;;;;;;;;
postgraphics;26.04.2019;Increasingly warmer temperatures and the extreme drought of the past decade have created perfect conditions for wildfires in the west in recent years.;https://t.co/4VWKPlVBcD;https://t.co/vSLIDhLO0k;;311;157;6;Map;No;Gradient;No;No;0.006802325581;0.68%
;;;;;;;;;Map;No;Multi;No;No;;
;;;;;;;;;Map;No;Gradient;No;No;;
;;;;;;;;;Map;No;Multi;No;No;;
;;;;;;;;;Map;No;Gradient;Yes;No;;
;;;;;;;;;Map;No;3;Yes;No;;
postgraphics;15.12.2021;Last weekend‚Äôs vicious tornadoes put a deadly exclamation point on the end of an extraordinary year for extreme weather. From freezing temperatures in February to Hurricane Ida in August, we explored the major weather disasters over the past 12 months:;https://t.co/CcWsXHjnBV;;Rep A102;;;;;;;;;;
postgraphics;26.03.2019;Last year, world energy-related CO2 emissions grew at the fastest rate since 2013. Coal-fired power plants fueled most of this growth.;https://t.co/SlnWwshWMQ;https://t.co/baBH2WbMPl;Rep A57;;;;;;;;;;
postgraphics;07.12.2019;Life in Southern California is being transformed as the climate grows hotter, fueling more intense wildfires, deadly mudslides and extreme drought.;https://t.co/5EN3hwLSSt;https://t.co/zKikCqYGd5;;9;2;3;Map;No;Multi;No;No;0.0001598837209;0.02%
;;;;;;;;;Complex;Yes;3;No;Yes;;
;;;;;;;;;Map;No;1;No;No;;
postgraphics;17.08.2016;MAP: These Louisiana parishes are part of FEMA‚Äôs flooding disaster area;https://t.co/N31AnLAWXZ;https://t.co/fvl5qkZt2j;;3;4;1;Map;No;1;No;No;0.000101744186;0.01%
postgraphics;08.05.2019;Mapping America‚Äôs wicked weather and deadly natural disasters;https://t.co/T2dvNgaA2R;;Rep A202;;;;;;;;;;
postgraphics;25.04.2019;Mapping America‚Äôs wicked weather and deadly natural disasters;https://t.co/85xxBrTc0u;https://t.co/xJkkD4ESlO;Rep A202;;;;;;;;;;
postgraphics;05.07.2019;Midwestern farms' struggles with extreme weather are visible from space;https://t.co/HX41W9X2Qu;;Rep A119;;;;;;;;;;
postgraphics;02.07.2019;Midwestern farms' struggles with extreme weather are visible from space;https://t.co/fUUaZHbZyQ;https://t.co/QZDc7tK4B5;Rep A119;;;;;;;;;;
postgraphics;04.02.2019;Near site of Fukushima nuclear disaster, a shattered town and scattered lives;https://t.co/2gVqUpPuTm;https://t.co/R1MBpdpM4j;;0;2;1;Map;No;2;No;No;0.00002906976744;0.00%
postgraphics;28.05.2020;New York‚Äôs most famous skyscraper shrank its planet-warming emissions by 40 percent. Can the rest of the city do the same?;https://t.co/RFloFjnxWU;;Rep A118;;;;;;;;;;
postgraphics;30.12.2021;Old-growth trees in Alaska's Tongass National Forest, which holds nearly twice as much carbon dioxide as the United States releases each year by burning fossil fuels, are embroiled in the politics of timber and climate change.;https://t.co/ANgvFFMi3V;https://t.co/AFN9hMrWsN;;108;54;1;Map;No;2;No;No;0.002354651163;0.24%
postgraphics;13.05.2020;Plastic pollution threatens marine life, humans and ecosystems. Enter FRED, a future vacuum of the seas.;https://t.co/Ft8Xf0E4GS;https://t.co/eHk98CoxZO;;25;12;1;Map;No;Gradient;No;No;0.0005377906977;0.05%
postgraphics;14.03.2020;Pollution is plummeting in Italy in the wake of coronavirus, emissions data show;https://t.co/Wi5PxoDvy5;https://t.co/cpBFctrNdN;;256;138;1;Map;No;Gradient;No;Yes;0.005726744186;0.57%
postgraphics;13.03.2020;Pollution is plummeting in Italy in the wake of coronavirus, emissions data show;https://t.co/eWRicawMVx;https://t.co/bWKnmUIOvb;Rep A222;;;;;;;;;;
postgraphics;28.04.2021;President Biden has a long list of promises, like tackling coronavirus, climate change, gun control, tax policy and ending foreign wars;https://t.co/8OdfZVkF8b;;;2;0;2;Art;No;Multi;No;No;0.00002906976744;0.00%
;;;;;;;;;Art;No;Multi;No;No;;
postgraphics;10.07.2021;Reservoirs in the Western U.S. are just 30 to 40 percent of capacity and shrinking as drought intensifies.;https://t.co/VqjSVVt0ls;;;4;4;2;Map;No;2;No;No;0.0001162790698;0.01%
;;;;;;;;;Map;No;Multi;No;No;;
postgraphics;20.03.2019;Satellite images show the devastating floods in the Midwest;https://t.co/T2s5yb8U1k;https://t.co/LaOQbzvOwq;;91;65;1;Map;No;2;No;No;0.00226744186;0.23%
postgraphics;02.02.2019;See how many years people lose to the worst kind of air pollution in your country ‚Äî or county.;https://t.co/Oq8JUP1ntk;https://t.co/3aCWUJbmvH;;20;14;5;Stacked bars;Yes;Gradient;No;Yes;0.0004941860465;0.05%
;;;;;;;;;Map;No;Gradient;No;No;;
;;;;;;;;;Facet Line Graphs;No;2;Yes;No;;
;;;;;;;;;Facet Line Graphs;Yes;3;No;Yes;;
;;;;;;;;;Line Graph;Yes;3;No;Yes;;
postgraphics;20.11.2018;See how many years people lose to the worst kind of air pollution in your country ‚Äî or county.;https://t.co/p0HdvxQt2G;https://t.co/WdCaAhYj8p;Rep A229;;;;;;;;;;
postgraphics;18.03.2021;Smoke from wildfires wiped out the U.S. pandemic-related clean air gains in 2020 The country‚Äôs average for the deadliest type of air pollution rose nearly 7 percent over 2019;https://t.co/zUX0O5IfMF;https://t.co/pl5bkqOi4S;;21;7;3;Map;No;2;No;No;0.0004069767442;0.04%
;;;;;;;;;Complex;No;2;Yes;No;;
;;;;;;;;;Scatter plot;No;3;No;No;;
postgraphics;22.03.2018;The 29 locks and dams on the Upper Mississippi were not built for flood control. They were built for barges.;https://t.co/62up6oPyIb;https://t.co/bivwmxfmNQ;;8;2;4;Map;No;Gradient;No;No;0.0001453488372;0.01%
;;;;;;;;;Map;No;Multi;No;Yes;;
;;;;;;;;;Map;No;2;No;No;;
;;;;;;;;;Complex;No;2;No;No;;
postgraphics;26.11.2018;The average person on Earth would live 2.6 years longer if the air contained none of the deadliest type of pollution. Your number depends on where you live.;https://t.co/Fp36RksP3W;;Rep A230;;;;;;;;;;
postgraphics;29.08.2017;The City of Houston is partnering with the Red Cross to provide immediate shelter from flood waters.;https://t.co/DXTJghmeVC;https://t.co/ctyzmytrRn;;5;4;9;Facet Histograms;Yes;3;No;Yes;0.0001308139535;0.01%
;;;;;;;;;Map;No;4;No;No;;
;;;;;;;;;Map;No;Gradient;No;No;;
;;;;;;;;;Map;No;Gradient;No;No;;
;;;;;;;;;Map;No;Gradient;No;No;;
;;;;;;;;;Map;No;Gradient;No;No;;
;;;;;;;;;Map;No;Gradient;No;No;;
;;;;;;;;;Area Chart;No;2;No;No;;
;;;;;;;;;Map;No;2;No;No;;
postgraphics;13.03.2017;The EPA halted an inquiry into U.S. oil and gas industry emissions. Here's where they are produced;https://t.co/MAow3m69EF;;;4;4;16;Facet Area Charts;No;2;No;No;0.0001162790698;0.01%
;;;;;;;;;Map;No;2;No;No;;
;;;;;;;;;Facet Area Charts;No;Gradient;No;No;;
;;;;;;;;;Map;No;3;No;No;;
;;;;;;;;;Facet Area Charts;No;Gradient;No;No;;
;;;;;;;;;Map;No;3;No;No;;
;;;;;;;;;Map;No;1;No;No;;
;;;;;;;;;Map;No;Gradient;No;No;;
;;;;;;;;;Map;No;Gradient;No;No;;
;;;;;;;;;Map;No;Gradient;No;No;;
;;;;;;;;;Map;No;Gradient;No;No;;
;;;;;;;;;Area Chart;No;Gradient;No;No;;
;;;;;;;;;Area Chart;No;Gradient;No;No;;
;;;;;;;;;Inforgaphic;No;Multi;Yes;No;;
;;;;;;;;;Map;No;3;No;No;;
;;;;;;;;;Map;No;Multi;No;No;;
postgraphics;30.10.2021;The global effort to combat climate change boils down to this: Bending a very stubborn curve.;https://t.co/nQZQHmkb9h;;;29;8;4;Fan Chart;No;4;No;Yes;0.0005377906977;0.05%
;;;;;;;;;Fan Chart;No;4;No;Yes;;
;;;;;;;;;Facet Fan Charts;Yes;4;No;Yes;;
;;;;;;;;;Facet Fan Charts;Yes;4;No;Yes;;
postgraphics;29.01.2020;The Mekong River and its tributaries snake across six countries, from China down through Southeast Asia. Experts worry that the river‚Äôs last days ‚Äúas a healthy ecosystem‚Äù are here, an entirely manmade crisis caused by excessive damming and climate change.;https://t.co/IPGvbgO3fg;https://t.co/lsLstQ6hAh;;19;9;2;Map;No;3;No;Yes;0.0004069767442;0.04%
postgraphics;28.01.2020;The Mekong River basin is under threat. Chinese damming projects and climate change are to blame.;https://t.co/eFrHUlT6fX;;Rep A389;;;;Map;No;2;No;Yes;;
postgraphics;04.10.2021;The threat of wildfires is growing due to climate change. Here are the steps you can take to protect your home.;https://t.co/r0tBmf7x2G;;;12;6;1;Art;No;1;Yes;Yes;0.000261627907;0.03%
postgraphics;29.09.2021;The threat of wildfires is growing due to climate change. Here are the steps you can take to protect your home.;https://t.co/BR7rGDtkvS;https://t.co/PdqJPwk59t;Rep A267;;;;;;;;;;
postgraphics;31.12.2021;The threat of wildfires is growing due to climate change. Safety measures are particularly important for those in high-risk areas, but experts say that fire preparedness is a good idea everywhere. Here are the steps you can take.;https://t.co/YGycR1geLg;https://t.co/oUbuDEEMam;Rep A267;;;;;;;;;;
postgraphics;20.11.2018;The type of pollution in car exhaust, coal combustion and wildfires is taking years off our lives.;https://t.co/pPeQLn2kQX;;Rep A230;;;;;;;;;;
postgraphics;15.12.2021;THREAD: This morning, we published an overview of the major weather disasters of the past year, including extreme cold, scorching heat, suffocating smoke and deadly hurricanes and tornados. Here‚Äôs a month by month look at some of those events: üßµ;https://t.co/sOiQtqBZkz;;Rep A102;;;;;;;;;;
postgraphics;20.06.2021;Tons of toxic cargo How a fire aboard a container ship has caused one of the worst environmental disasters Sri Lanka has ever seen.;https://t.co/1AQ0uKFyVH;;Rep A155;;;;;;;;;;
postgraphics;29.05.2019;Tornadoes and floods have been hitting the Midwest hard. Here are the places where natural disasters strike most frequently in the U.S.;https://t.co/PuxN1zRJ83;;Rep A202;;;;;;;;;;
postgraphics;30.10.2020;Trump has rolled back 127 environmental policies, with nearly 40 more underway. He‚Äôs targeted ones curbing air pollution, including greenhouse gas emissions more than any other area.;https://t.co/aiyriLwfDC;;;7;3;3;Timeline;No;3;Yes;Yes;0.0001453488372;0.01%
;;;;;;;;;Timeline;No;Multi;Yes;No;;
;;;;;;;;;Timeline;No;4;Yes;No;;
postgraphics;19.08.2018;Trump overhaul of Obama-era rules for coal plants could lead to greater release of CO2;https://t.co/DC1s03oqDJ;https://t.co/7SsA2jggAb;;2;3;1;Bar;No;4;No;No;0.0000726744186;0.01%
postgraphics;17.08.2016;Update: A major flooding disaster has been declared in 20 Louisiana parishes;https://t.co/3HtH7OP8nr;https://t.co/N5mHjuN2qH;;4;2;1;Map;No;Multi;No;No;0.00008720930233;0.01%
postgraphics;18.08.2016;Updated: Every billion-dollar weather disaster in the U.S. since 1980, as of July 2016;https://t.co/5oQXz3kXdW;https://t.co/uwmw4fiota;RepA130;;;;;;;;;;
postgraphics;28.08.2020;Warm ocean waters and exchange of heat between the ocean and atmosphere, plus the lack of dry air or strong upper-level winds, created an ideal environment for Hurricane Laura to rapidly intensify all the way to the Louisiana coastline.;https://t.co/CiBzNSDfHi;https://t.co/4pgha5FJgJ;;13;5;2;Line Graph;No;Multi;No;No;0.000261627907;0.03%
;;;;;;;;;Map;No;Multi;No;No;;
postgraphics;02.08.2021;When it comes to heat, the human body is remarkably resilient ‚Äî it‚Äôs the humidity that makes it harder to cool down. And humidity, driven in part by climate change, is increasing.;https://t.co/S5zMpvvl8b;;Rep A93;;;;;;;;;;
postgraphics;30.10.2021;Which countries are on track to meet pledges to cut greenhouse gas emissions ahead of COP26?;https://t.co/eUvXVzhKXZ;;Rep A305;;0;;;;;;;;
postgraphics;25.11.2021;Wild boar. Kelp salad. Crickets in your pie crust. These are just a few things that may end up on Thanksgiving menus as climate change takes its toll on the planet.;https://t.co/pyPG8kpUgK;https://t.co/pLyFQrNTsg;Rep A149;;;;;;;;;;
reutersgraphics;10.11.2018;.@Reuters set up a camera on top of our New Delhi bureau, capturing hundreds of images over October-November, historically the worst period of air quality each year in the Indian capital. Here's a window into Delhi‚Äôs deadly air pollution:;https://t.co/OoomUPmhkP;https://t.co/5ra2QU4h4q;;35;18;3;Map;No;3;No;No;0.001055776892;0.11%
;;;;;;;;;Histogram;No;1;No;No;;
;;;;;;;;;Lollipop;Yes;2;No;Yes;;
reutersgraphics;01.01.2019;1/4 A blanket of toxic smog settles over vast swathes of northern India between late October and November each year. Over the course of several months in 2018, we examined changes in air quality in New Delhi as the city braces itself for some of the worst weeks of air pollution;https://t.co/uR27nHV8XY;;;40;39;5;Histogram;No;3;No;No;0.001573705179;0.16%
;;;;;;;;;Histogram;No;4;Yes;No;;
;;;;;;;;;Map;No;1;No;Yes;;
;;;;;;;;;Facet Maps;No;Gradient;Yes;No;;
;;;;;;;;;Line Graph;No;2;Yes;No;;
reutersgraphics;03.10.2019;1/6 Paving and rehabilitating roads that run deep in the Amazon has often resulted in rapid deforestation in the surrounding areas. Here‚Äôs what happened along three highways since 2008:;https://t.co/Fng6zLJUrS;https://t.co/Y8sX8VB7Me;;19;22;8;Map;No;1;No;No;0.0008167330677;0.08%
;;;;;;;;;Map;No;3;No;No;;
;;;;;;;;;Facet Maps;No;3;Yes;No;;
;;;;;;;;;Map;No;2;No;No;;
;;;;;;;;;Facet Maps;No;3;No;No;;
;;;;;;;;;Map;No;2;No;No;;
;;;;;;;;;Facet Maps;No;2;No;No;;
;;;;;;;;;Isotype;No;1;Yes;No;;
reutersgraphics;01.01.2020;4/9 The Amazon rainforest saw record high levels of deforestation this year while facing the worst spate of forest fires since 2010. @allyjlevine, @juledurg and @jakespring explain how roads that run deep into the Amazon accelerate deforestation;https://t.co/l8b6sZLMVy;https://t.co/1TpFMuAFOn;Rep A417;;;;;;;;;;
reutersgraphics;03.10.2019;5/6 Amazon researchers said repaving BR-319 would trigger an explosion of deforestation in Amazonas, currently one of Brazil‚Äôs best preserved rainforest states precisely because it has few good roads.;https://t.co/b9wLdQ8o1v;;Rep A417;;;;;;;;;;
reutersgraphics;26.02.2021;A large mass can be seen clinging to the steep face of Raunthi peak, one day before disaster struck. The next day it sent a destructive torrent of rocks, dust and ice from near the peak down the valley.;https://t.co/7QV2Mce1c1;https://t.co/Ds6BOp4qDF;;89;51;4;Art;No;2;Yes;Yes;0.002788844622;0.28%
;;;;;;;;;Facet Maps;No;2;No;No;;
;;;;;;;;;Map;No;2;No;No;;
;;;;;;;;;Map;No;1;No;No;;
reutersgraphics;17.07.2018;A look at the worst weather disaster in Japan since 1982 and its aftermath. #japanflood;https://t.co/TcI10SguAy;https://t.co/4ABSCWf8jz;;9;6;7;Map;1;1;No;No;0.0002988047809;0.03%
;;;;;;;;;Facet Maps;Yes;4;No;Yes;;
;;;;;;;;;Map;No;1;No;No;;
;;;;;;;;;Map;No;Gradient;No;No;;
;;;;;;;;;Map;No;1;No;No;;
;;;;;;;;;Map;No;Gradient;Yes;Yes;;
;;;;;;;;;Histogram;No;1;No;No;;
reutersgraphics;02.08.2018;A windfall for Detroit: U.S. President Donald Trump‚Äôs proposal to freeze vehicle CO2 emissions standards and rescind electric vehicle mandates could save the Detroit Three automakers more than $190 billion by 2029: -;https://t.co/bzGc9niWMt;https://t.co/z48ZA3fnIA;;12;11;1;Facet Line Graphs;Yes;3;No;Yes;0.0004581673307;0.05%
reutersgraphics;03.09.2019;According to the World Meteorological Organization, thousands of wildfires in the Arctic emitted as much CO2 in July as Sweden does in a whole year;https://t.co/F9LYFuT5Ww;https://t.co/wI8uWJVjr3;;16;14;6;Map;No;1;No;Yes;0.0005976095618;0.06%
;;;;;;;;;Histogram;No;2;No;No;;
;;;;;;;;;Map;No;2;No;No;;
;;;;;;;;;Art;No;Multi;No;No;;
;;;;;;;;;Map;No;Gradient;No;Yes;;
;;;;;;;;;Facet Maps;No;Gradient;Yes;No;;
reutersgraphics;20.01.2016;Air #pollution in Chinese cities according to latest @GreenpeaceEAsia report.;https://t.co/t5Hl0oj1VE;https://t.co/ccFXHyIkGO;;39;52;1;Facet Scatter Plots;Yes;2;No;Yes;0.001812749004;0.18%
reutersgraphics;23.12.2020;And in the Arctic, sea ice shrank to its second-lowest extent ever recorded.;https://t.co/TT3uj26mEm;;;161;156;6;Line Graph;No;Gradient;No;Yes;0.006314741036;0.63%
;;;;;;;;;Map;No;Multi;No;No;;
;;;;;;;;;Facet Line Graphs;No;3;No;No;;
;;;;;;;;;Pareto Chart;No;4;No;Yes;;
;;;;;;;;;Line Graph;No;Gradient;No;No;;
;;;;;;;;;Line Graph;No;1;No;No;;
reutersgraphics;26.02.2021;As the area flooded, water trapped construction workers in a tunnel which was designed to divert the flow of the river. As it surged past the dam, the flood resulted in the blockage of the tunnel entrance, located 234 metres upstream from the barrage.;https://t.co/aApMd7qhGu;https://t.co/5BSJhtZUf8;Rep427;;;;;;;;;;
reutersgraphics;16.06.2021;Assessing Australia‚Äôs ‚Äúecological disaster‚Äù by @SimonScarr @manshar_ and @TmarcoH;https://t.co/kcDVK5wR2x;;;2;2;8;Map;No;2;No;Yes;0.0000796812749;0.01%
;;;;;;;;;Lollipop;No;4;No;No;;
;;;;;;;;;Map;No;3;No;No;;
;;;;;;;;;Map;No;Multi;Yes;No;;
;;;;;;;;;Map;No;3;No;No;;
;;;;;;;;;Facet Maps;No;2;No;No;;
;;;;;;;;;Map;No;2;No;No;;
;;;;;;;;;Map;No;2;No;No;;
reutersgraphics;19.09.2019;Biomass burning, such as the one in Indonesia, sends partially burned carbon into the atmosphere, resulting in a smoky haze. This organic carbon contains fine particles known as PM2.5, which can have a major impact on health and climate. 2/5;https://t.co/SPOj23EVs2;;;101;52;10;Map;No;1;Yes;No;0.003047808765;0.30%
;;;;;;;;;Map;No;Gradient;No;No;;
;;;;;;;;;Map;No;Gradient;No;No;;
;;;;;;;;;Map;No;2;No;No;;
;;;;;;;;;Map;No;Multi;No;No;;
;;;;;;;;;Map;No;Multi;No;No;;
;;;;;;;;;Map;No;Multi;No;No;;
;;;;;;;;;Map;No;Multi;No;No;;
;;;;;;;;;Map;No;Multi;No;No;;
;;;;;;;;;Facet Line Graphs;No;2;No;No;;
reutersgraphics;11.10.2018;Did Kerala's dams exacerbate India's once-in-century floods? Extremely high reservoir levels and no emergency action plans. This data-driven investigation visualises what happened along the Periyar River. #KeralaFloods;https://t.co/wuwRZnAJh2;;;17;11;8;Map;No;1;No;Yes;0.0005577689243;0.06%
;;;;;;;;;Facet Line Graphs;No;3;No;No;;
;;;;;;;;;Art;No;2;Yes;Yes;;
;;;;;;;;;Art;Yes;4;Yes;Yes;;
;;;;;;;;;Histogram;No;2;No;No;;
;;;;;;;;;Map;No;1;No;No;;
;;;;;;;;;Facet Maps;No;1;No;No;;
;;;;;;;;;Map;No;2;No;No;;
reutersgraphics;23.12.2020;For years, scientists have warned that climate change will cause increasingly chaotic and extreme weather, and studies are bearing that out. 2020 was a year of extremes.;https://t.co/vjGB3PDuoy;;Rep A446;;;;;;;;;;
reutersgraphics;21.09.2018;Greenland‚Äôs ice sheet contributes about 0.8mm to annual sea-level rise. That‚Äôs 114.4 million Olympic-size pools ‚Äì enough to keep @MichaelPhelps swimming for more than 90 years.;https://t.co/gUbq8oJkLJ;;;20;16;5;Art;No;Multi;Yes;No;0.0007171314741;0.07%
;;;;;;;;;Line Graph;Yes;1;No;Yes;;
;;;;;;;;;Art;No;1;No;No;;
;;;;;;;;;Art;No;3;No;Yes;;
;;;;;;;;;Bar Chart;Yes;2;No;Yes;;
reutersgraphics;26.07.2018;How the Laos dam disaster unfolded;https://t.co/uurkMsTamA;https://t.co/BVTbCg1ev7;;26;27;5;Map;No;3;No;No;0.001055776892;0.11%
;;;;;;;;;Art;No;3;No;No;;
;;;;;;;;;Art;No;Multi;No;No;;
;;;;;;;;;Line Graph;No;3;No;No;;
;;;;;;;;;Map;No;3;No;No;;
reutersgraphics;26.02.2021;On February 7, a landslide in the northern Indian state of Uttarakhand resulted in a flash flood that sent a deluge of water, rocks and debris, surging down a river valley, destroying everything in its path. by @TmarcoH @anandkatakam @AlasdairPal;https://t.co/7QV2Mce1c1;;Rep A427;;;;;;;;;;
reutersgraphics;02.11.2021;Only 1/3 of the Earth's original tropical rainforest cover remains fully intact. An area roughly the size of France was destroyed globally between 2002-19. See the scale of global rainforest deforestation:;https://t.co/vQETlQpKl5;;;5;1;5;Art;No;Multi;Yes;Yes;0.0001195219124;0.01%
;;;;;;;;;Art;No;Multi;Yes;No;;
;;;;;;;;;Map;No;1;No;No;;
;;;;;;;;;Tree map;No;3;Yes;Yes;;
;;;;;;;;;Sankey Diagram;No;3;Yes;No;;
reutersgraphics;26.09.2018;Project Greenland: @Reuters embeds with @NASA and climate scientists to document how they are trying to plug crucial gaps in our understanding of climate change and sea level rise.;https://t.co/UONsA23sWx;https://t.co/shrV1taEy0;;13;12;;;;;;;0.0004980079681;0.05%
reutersgraphics;26.09.2018;THE HUNT FOR BETTER CLIMATE SCIENCE;https://t.co/UONsA23sWx ;https://t.co/shrV1taEy0;;;;4;Art;No;Multi;Yes;No;;
;;;;;;;;;Art;No;Multi;Yes;No;;
;;;;;;;;;Art;No;3;No;Yes;;
;;;;;;;;;Bar Chart;No;2;No;Yes;;
reutersgraphics;26.09.2018;A TALE OF TWO GLACIERS;https://t.co/UONsA23sWx ;https://t.co/shrV1taEy0;;;;1;Art;No;Multi;Yes;No;;
reutersgraphics;13.09.2021;Scientists are scrambling to harvest ice cores as global warming melts glaciers and the long-frozen records they hold;https://t.co/BIUFsc8gat;;;49;33;8;Art;No;Multi;Yes;No;0.001633466135;0.16%
;;;;;;;;;Art;No;Multi;Yes;No;;
;;;;;;;;;Map;No;2;No;No;;
;;;;;;;;;Art;No;4;No;No;;
;;;;;;;;;Dot Chart;No;2;Yes;Yes;;
;;;;;;;;;Art;No;Multi;Yes;No;;
;;;;;;;;;Map;No;1;Yes;Yes;;
;;;;;;;;;Map;No;Gradient;Yes;No;;
reutersgraphics;17.11.2016;Some Audi cars have tech capable of distorting emissions when tested, casting darker shadow on parent, VW:;https://t.co/u9n14Ne4cV;https://t.co/8oB6JC1o3Z;;4;7;3;Line Graph;Yes;1;Yes;Yes;0.000219123506;0.02%
;;;;;;;;;Stacked bars;Yes;4;Yes;Yes;;
;;;;;;;;;Stacked bars;Yes;Multi;Yes;Yes;;
reutersgraphics;26.02.2021;The images below show the entire valley on the day of the disaster and provide more evidence of what unfolded.;https://t.co/7QV2Mce1c1;https://t.co/TWjovIor8j;Rep A427;;;;;;;;;;
reutersgraphics;18.08.2018;The worst floods in nearly a century have killed hundreds in the Indian tourist state of #Kerala. This series of graphics explain the situation;https://t.co/r7mWRUw0gL;https://t.co/wXP4X58BAD;;7;11;5;Facet Maps;No;Gradient;Yes;No;0.0003585657371;0.04%
;;;;;;;;;Statter Plot;;;;;;
;;;;;;;;;Line Graph;No;Multi;Yes;No;;
;;;;;;;;;Line Graph;No;3;Yes;No;;
;;;;;;;;;Map;No;1;No;No;;
reutersgraphics;19.09.2020;To read the full story explaining how #wildfires ravaging the U.S. West Coast are sending #smoke between continents and up to record heights in the atmosphere go here üëâ;https://t.co/tKAxsStt5b;;;37;25;6;Map;No;Gradient;No;Yes;0.001235059761;0.12%
;;;;;;;;;Stacked maps;No;Gradient;No;No;;
;;;;;;;;;Map;No;Gradient;No;No;;
;;;;;;;;;Art;No;Gradient;Yes;No;;
;;;;;;;;;Map;No;1;No;No;;
;;;;;;;;;Art;No;Multi;Yes;No;;
reutersgraphics;11.11.2021;Who üè≠pollutes the most depends on how you ask the question. The üá∫üá∏U.S. and üá®üá≥China are right at the top for historic and current CO2 emissions, but the list shifts if you ask for emissions per person with üá∂üá¶Qatar skyrocketing to the top spot.;https://t.co/5X1Zq6G1gb;;;42;18;;Sankey Diagram;No;3;No;No;0.001195219124;0.12%
reutersgraphics;01.02.2021;Wildfires üî• shattered records across a number of U.S. states in 2020, with scientists and state officials placing much of the blame on climate change. Watch the records fall and the size of fires increase in this animation.;https://t.co/Pud6TPNi3n;;;97;48;5;Art;No;4;Yes;No;0.002888446215;0.29%
;;;;;;;;;Bar Chart;No;2;No;Yes;;
;;;;;;;;;Stream Graph;No;Multi;Yes;No;;
;;;;;;;;;Stream Graph;No;Multi;Yes;No;;
;;;;;;;;;Stream Graph;No;Multi;Yes;No;;
reutersgraphics;19.09.2020;üî• #wildfires ravaging the U.S. West Coast are sending smoke between continents and up to record heights in the atmosphere. This animation shows the spread of organic carbon since Aug. 13. (Thread - 1/8);https://t.co/DWKJWPnLNV;;Rep A514;;;;;;;;;;